link,email
http://www.plastemart.com/polymer/seller-polypropylene-and-pp-compounds-india/3340/rm,sales@plastemart.com
http://www.plastemart.com/upload/home/spectrumenterprises.asp,india@shiniindia.com
http://www.plastemart.com/upload/home/HDPE-PP-woven-bags-sacks-polypropylene-mats.asp,sachin@toyop.com
http://www.plastemart.com/upload/home/HDPE-PP-woven-bags-sacks-polypropylene-mats.asp,yogish@toyop.com
http://www.plastemart.com/upload/home/HDPE-PP-woven-bags-sacks-polypropylene-mats.asp,plastics@toyop.com
http://www.plastemart.com/upload/home/plastic-bags-laminated-pouch-making-machines-manufacturers.asp,bagmacker@gmail.com
http://www.plastemart.com/upload/home/masterbatches-prayag-polytech.asp,info@prayagmb.com
http://www.plastemart.com/upload/home/masterbatches-prayag-polytech.asp,nikhil.prayag@gmail.com
http://www.plastemart.com/upload/home/heat-transfer-hot-stamping-printing-machines-technoprint.asp,scmistry2001@yahoo.co.in
http://www.plastemart.com/upload/home/heat-transfer-hot-stamping-printing-machines-technoprint.asp,technoprint_india@yahoo.com
http://www.plastemart.com/upload/home/manufacturer-of-colour-additive-masterbatches.asp,meritpolymers@yahoo.com
http://www.plastemart.com/upload/home/amar-industries-pvc-dip-moulding.asp,amarindbrd@yahoo.co.in
http://www.plastemart.com/upload/home/plastic-extrusion-machinery.asp,apex@apexengineers.com
http://www.plastemart.com/upload/home/plastic-extrusion-machinery.asp,info@apexengineers.com
http://www.plastemart.com/upload/home/bihani-group-PVC-compounds-masterbatches-manufacturers.asp,jbihani@bihanigroup.com
http://www.plastemart.com/upload/home/bihani-group-PVC-compounds-masterbatches-manufacturers.asp,dkp@bihanigroup.com
http://www.plastemart.com/upload/home/pvc-compounding-injection-moulding-etaengg.asp,etaengineering@vsnl.net
http://www.plastemart.com/upload/home/plastic-water-tanks.asp,rajarampolymers@rediffmail.com
http://www.plastemart.com/upload/home/plastic-injection-mold-articles-containers-manufacturer.asp,pitambera@sify.com
http://www.plastemart.com/upload/home/plastic-injection-mold-articles-containers-manufacturer.asp,pitambera_polymers@yahoo.co.in
http://www.plastemart.com/plastic-packaging-films-bags-furniture-houseware/pp-woven-fabric-for-covers-and-tarpaulins-gujarat-india/woven-sacks-and-bags/pr/2651,sales@plastemart.com
http://www.plastemart.com/upload/home/ra-agencies-manufacturers-of-plastics-recycling-machines.asp,gopal@raagencies.com
http://www.plastemart.com/upload/home/DhwaniPolyprints.asp,rajesh@soundseal.in
http://www.plastemart.com/upload/home/DhwaniPolyprints.asp,aditya@soundseal.in
http://www.plastemart.com/upload/home/colorant-masterbatches.asp,ucco@dataone.in
http://www.plastemart.com/upload/home/colorant-masterbatches.asp,univcol@gmail.com
http://www.plastemart.com/upload/home/aim-filtertech-manufacturers-of-synthetic-non-woven-fabrics.asp,aimfiltertech@gmail.com
http://www.plastemart.com/upload/home/radhekrishna-manufacturers-of-screws-and-barrels.asp,srke_co@yahoo.co.in
http://www.plastemart.com/upload/home/radhekrishna-manufacturers-of-screws-and-barrels.asp,mail@radhekrishnaexports.com
http://www.plastemart.com/upload/home/PVC-shrink-sleeves-packaging-lables-films.asp,sales@vaibhavplastimoulds.com
http://www.plastemart.com/upload/home/pee-tee-engineers.asp,info@peeteeengineers.com
http://www.plastemart.com/upload/home/recycled-pp-hips-abs.asp,tarun.975@gmail.com
http://www.plastemart.com/upload/home/bucket-handles-stainless-steel-thermoware.asp,shriram@bom7.vsnl.net.in
http://www.plastemart.com/upload/home/plastic-containers-drums-barrels.asp,yashbarrels@vsnl.net
http://www.plastemart.com/upload/home/perfect-tools-dies.asp,toolexpert@rediffmail.com
http://www.plastemart.com/upload/home/shree-plastic-industries.asp,jainvikraam@gmail.com
http://www.plastemart.com/upload/home/plastic-raw-materials-testing-equipments-plastic-machinery-malaney.asp,info@malaney.com
http://www.plastemart.com/upload/home/plastic-raw-materials-testing-equipments-plastic-machinery-malaney.asp,seema.agarwal@malaney.com
http://www.plastemart.com/upload/home/rotomolding-machines-moulds.asp,directors@fixopan.net
http://www.plastemart.com/upload/home/rotomolding-machines-moulds.asp,sales@fixopanglobal.com
http://www.plastemart.com/upload/home/rotomolding-machines-moulds.asp,roto@fixopanglobal.com
http://www.plastemart.com/upload/home/recycled-reprocessed-plastics.asp,sales@asterism-healthcareplus.com
http://www.plastemart.com/upload/home/Plastic-tubes-hoses-sleeves-pipes.asp,epcplast@vsnl.com
http://www.plastemart.com/upload/home/filler-masterbatches-compounds-soltex.asp,corp@soltexpetro.com
http://www.plastemart.com/upload/home/robots-and-automation-systems-plastics-industry.asp,info@wittmann-group.in
http://www.plastemart.com/upload/home/robots-and-automation-systems-plastics-industry.asp,n.kumar@wittmann-robot.com
